101rpn3,mAP,mAR,F1
13405,0.153,0.333,0.209666667
26810,0.239,0.414,0.303050536
40215,0.188,0.492,0.272047059
53620,0.238,0.464,0.314621083
67025,0.338,0.475,0.39495695
80430,0.317,0.491,0.385264851
93835,0.406,0.55,0.467154812
107240,0.348,0.46,0.396237624
120645,0.329,0.457,0.382577608
134050,0.408,0.532,0.461821277
147455,0.413,0.531,0.464625
160860,0.342,0.428,0.380197403
174265,0.385,0.494,0.432741752
187670,0.374,0.519,0.434727884
201075,0.379,0.501,0.431543182
