50rpn2,mAP,mAR,F1
13405,0.017,0.261,0.031920863
26810,0.124,0.395,0.188747592
40215,0.052,0.47,0.093639847
53620,0.227,0.414,0.293223089
67025,0.3,0.498,0.37443609
80430,0.318,0.486,0.384447761
93835,0.103,0.415,0.16503861
107240,0.15,0.433,0.222813036
120645,0.173,0.356,0.232846881
134050,0.166,0.336,0.222215139
147455,0.18,0.361,0.240221811
160860,0.305,0.468,0.36931436
174265,0.209,0.381,0.269928814
187670,0.162,0.327,0.216662577
201075,0.323,0.463,0.380531807
