50rpn3,mAP,mAR,F1
13405,0.036,0.44,0.066554622
26810,0.083,0.395,0.137175732
40215,0.133,0.393,0.198741445
53620,0.204,0.396,0.26928
67025,0.172,0.336,0.227527559
80430,0.297,0.411,0.344822034
93835,0.256,0.421,0.31839291
107240,0.364,0.496,0.419869767
120645,0.391,0.541,0.453929185
134050,0.303,0.452,0.362797351
147455,0.286,0.519,0.368780124
160860,0.345,0.463,0.395383663
174265,0.225,0.345,0.272368421
187670,0.179,0.422,0.251374376
201075,0.317,0.445,0.370249344
