inception_v2,mAP,mAR,F1
13405,0.011,0.222,0.020961373
26810,0.065,0.258,0.103839009
40215,0.064,0.377,0.109424036
53620,0.051,0.36,0.089343066
67025,0.14,0.3656,0.202468354
80430,0.085,0.273,0.129636872
93835,0.121,0.265,0.166139896
107240,0.117,0.277,0.16451269
120645,0.112,0.234,0.151491329
134050,0.118,0.274,0.164959184
147455,0.136,0.334,0.193293617
160860,0.11,0.253,0.153333333
174265,0.183,0.2977,0.226665696
187670,0.141,0.334,0.198290526
201075,0.118,0.295,0.168571429
