inception_resnet_v2_final_0.001,mAP,mAR,F1
0,0,0.015,0
12500,0.877,0.636,0.737306015
25000,0.931,0.711,0.806261876
37500,0.95,0.735,0.828783383
50000,0.957,0.722,0.823054199
62500,0.968,0.759,0.850853503
75000,0.965,0.753,0.845919674
87500,0.97,0.767,0.856637881
100000,0.974,0.771,0.860692264
112500,0.98,0.774,0.864903079
125000,0.97,0.775,0.861604585
