inception_resnet_v2_final_0.001,mAP,mAR,F1
0,0,0.013,0
12500,0.886,0.626,0.733645503
25000,0.933,0.69,0.793308688
37500,0.953,0.712,0.815058258
50000,0.951,0.708,0.811703436
62500,0.962,0.744,0.839071512
75000,0.96,0.748,0.840843091
87500,0.96,0.744,0.838309859
100000,0.959,0.751,0.842349708
112500,0.967,0.756,0.848580383
125000,0.96,0.76,0.848372093
