inception_resnet_v2_final_0.0001,mAP,mAR,F1
0,0,0,0
12500,0.77,0.571,0.655734526
25000,0.838,0.632,0.720565986
37500,0.889,0.654,0.753604666
50000,0.914,0.672,0.774537201
62500,0.927,0.679,0.783851806
