inception_resnet_v2_final_uninitialized,mAP,mAR,F1
0,0,0.025,0
12500,0.854,0.587,0.695764053
25000,0.913,0.669,0.772183312
37500,0.938,0.722,0.815946988
50000,0.95,0.738,0.830687204
