inception_resnet_v2_final_uninitialized,mAP,mAR,F1
0,0,0.032,0
12500,0.848,0.612,0.710926027
25000,0.875,0.677,0.763369845
37500,0.945,0.726,0.821149013
50000,0.967,0.744,0.840967855
