inception_resnet_v2_final_0.0001,mAP,mAR,F1
0,0,0,0
12500,0.764,0.552,0.640924012
25000,0.828,0.61,0.702475661
37500,0.879,0.647,0.745364351
50000,0.902,0.656,0.759578947
62500,0.912,0.663,0.767817143
